GLPCUN,GLCUN
CHJKUU,CHJKUU
PCUAKC,PCJAKC
UHGFHA,UHGFHA
BUYPAT,BUYPAT
UXRTXN,UXRTXN
FECLLL,FECLLL
NJGBNY,NJBNY
FHPCEJ,FHVCEJ
YRCNFA,YRCVFA
BFXGYJ,BFXGYJ
EBLLFX,EBLLFX
NYEKXB,NYEKXB
FJPAYB,FJPAYB
PRJRUT,PRJRUT
JYHBKN,JYHBKN
EGHXTX,EGXTX
RPYPNR,RPYPNR
PBNNAB,PBNNAB
UJCPMY,UJCPMY
MMALFY,MMALFY
NYGBMH,NYBMH
TEEJKR,TEEJR
BKKPFJ,BKTTPFJ
JRBPHL,JRBPHL
YJLRLE,YJRLE
BRMKTJ,BRMKTJ
FXFCME,FXCME
JYNGAJ,JYNGAJ
GGJKBH,GGJKBH
BBBUUB,BBBUUB
FCUMGT,FCJMCT
NXAFET,NXAFET
KCPECK,KCBECK
PHTPNE,PHTPNE
PYBGMM,PYBGMM
CCXBKL,CCXBKL
AGHHLT,AGKHLT
KHRKXJ,KHVRKXJ
GURFTR,CURFTR
TANXYP,TANXYP
RGUKUT,RGUKUT
RGELCC,RGELCC
PFPXNP,PPXNP
JRARPT,JRARPT
HHRXBP,HHVRXBP
PCPHUT,PCHUT
HLFHGK,HLHK
TGYFJK,TGYFJK
FPJMMR,FPJMMMR
FUXEKK,FUXEKK
GXGLAX,CXGVAX
XNULPP,XJLPP
CTLXYB,CTLXYB
FTENNB,FTENVVB
KAJEJA,KAJEJA
FPKGTR,FPKGTR
BBGEGN,BBGECN
XTTUYJ,XUYJ
RTPRTM,RTRTM
LJCJNM,LJCJNM
HXNHME,HXNHME
HTJJXK,HTJJXK
HLARUB,HLARUB
LPLBUB,LPLBUB
UYJHBM,UYJHBM
ETEGEG,ETEGEG
URCHNG,URCHNG
JNRYRT,JVRYRT
XMGJFJ,XMGJFJ
JNBAEK,JVBAEK
NCFRTK,NCFRTK
JBCAMB,JBCAMB
MPPECR,MPBECR
CUTBHN,CUTBHN
CNHFYE,CVFYE
PGXCAJ,PGXCAJ
GEJMYB,GEJMYB
XXERAP,XXERAP
YELURL,YELURL
MTARUL,MTARUL
CCXCBX,CCXCBX
PXABNB,PXABNB
UTMHUC,UYMHUC
MBTCFA,MBTCFA
MGKXER,MGKXER
LMHXGR,LMMXCR
YRHKXR,YRKXR
CLMTYN,CLMTYN
GCPRFL,GCRFL
CGAPLG,CGAPLG
GHUMEE,GHJMMEE
JCCEYX,JCCEYX
LLUXRK,LLUXRK
TUNUJU,TUNVUJU
PKJRTM,PKJRTM
BEYPNR,BEYPNR
PNLHCG,PVHCG
RTFHAP,RTHAP
NMJMRM,NMJMVRM
XARYHR,XARYHR
CUJBBY,CUJBBY
BTYXHY,BTYXHY
YPLGXN,YPLGXN
HNBNFP,HBVP
TLAHPY,TLAHVPY
JTCJTL,JTCJTL
NXFHEB,NXFHEB
CBTKMB,CBTKMB
UFFNXH,UFFXH
NFTXJN,NFTXJN
FEKTFH,FETTFH
XLTXXE,XLTXXE
GNGFRL,GNGFRL
RKCLXM,RKCLXM
PTJGNY,PTJGNY
EJPTGJ,EJTCJ
RKHBXY,RKBXY
MGPBMN,IMGBMM
ALECKG,ALECKG
CRNTLL,CRNTLL
KRRUCJ,KRRUCJ
TJKXET,TJTXET
LJMLGA,LJMLGA
LHJUXM,LHJUXM
HECBRM,HECBRM
CNLARR,CVARR
LURKXU,LJRKXU
HNBECR,HVBECR
KCYEKF,KCYEKF
XLCYGP,XLCYGP
RBMYHY,RBMYHY
RXLMXU,RXLMXU
YPTGGX,YPTGGX
TBBFMP,TBBFMP
TUEMKB,TUEMKB
AJJLKR,AJJLKR
UYGCEU,UYCEU
FTMXLU,FTZMXLU
PNAFRA,PNAFRA
LMRNHJ,LMRVHJ
JKUUJT,JKJUJT
BGUYFP,BGJYFP
LKMCLG,LKMCLG
UFLEMP,UFLEMP
GMGXYP,GMBXYP
RHBAKR,RHBAKR
TAGJGA,TACJGA
TLBHMX,TLBHMMX
HXFKPT,HXFKPT
TTUKFG,TTUKFG
TJLBRN,TJJBRN
JHJBTY,JHJBTY
RUALXF,RUALXF
YKENRX,YKEVRX
HEEEPM,HEEEPM
JCKTAG,JCKTAG
MHKTHJ,MHVTHJ
MMFCJK,MMMFCJK
BXYKEC,BXYKEC
EXKKCK,EXKKCK
BGFJNL,BGFJWL
UKMRNG,UKMRNC
FJJRYU,FJJRYU
AFCUFA,AFCUFA
BEEAHL,BEEAHL
CUETFC,CUETFC
TERKTK,TERKTK
BJMLKE,BJLKE
MKPMLE,MKDMLE
GGLNGR,GGLNGR
JNKRBL,JVTRBL
LXJPEN,LXJPEN
AYUTCU,AYJTCU
BLHRAF,BLHRAF
BCTNPF,BCTVPF
LTUCXA,LTJCXA
ANENGM,AVENGM
TXFXFL,TXFXFL
LJAHLP,LJAHLP
CYCPMX,CYCPMX
PBAENB,PBAENB
UPNKMY,UPNKMY
MFHJRH,MFHJRH
CLPPAY,CLPAY
BTRFRX,BTRFRX
KYRHCU,KYRHCU
GJERXL,CJERXL
BPLLMU,BPLLMU
AHAFGT,AHAHCT
CPCTPE,CPCTPE
RUAMML,RUAMMML
PPGAME,PPCAME
ABXTXM,ABXTXM
MPFGKB,MPGKB
CAKCJE,CAKCJE
RTEFKL,RTEFKL
FMLLJN,FMLLJN
NKMKTN,NKMKTN
HYKNFT,HYKVFT